-- phpMyAdmin SQL Dump
-- version 5.2.0
-- https://www.phpmyadmin.net/
--
-- Хост: 127.0.0.1:3306
-- Время создания: Янв 14 2026 г., 08:52
-- Версия сервера: 8.0.30
-- Версия PHP: 8.1.9

SET SQL_MODE = "NO_AUTO_VALUE_ON_ZERO";
START TRANSACTION;
SET time_zone = "+00:00";


/*!40101 SET @OLD_CHARACTER_SET_CLIENT=@@CHARACTER_SET_CLIENT */;
/*!40101 SET @OLD_CHARACTER_SET_RESULTS=@@CHARACTER_SET_RESULTS */;
/*!40101 SET @OLD_COLLATION_CONNECTION=@@COLLATION_CONNECTION */;
/*!40101 SET NAMES utf8mb4 */;

--
-- База данных: `security`
--

-- --------------------------------------------------------

--
-- Структура таблицы `comments`
--

CREATE TABLE `comments` (
  `Id` int NOT NULL COMMENT 'Код',
  `IdUser` int NOT NULL COMMENT 'Код пользователя',
  `IdPost` int NOT NULL COMMENT 'Код поста',
  `Messages` varchar(1000) NOT NULL COMMENT 'Сообщение'
) ENGINE=InnoDB DEFAULT CHARSET=utf8mb4 COLLATE=utf8mb4_0900_ai_ci;

--
-- Дамп данных таблицы `comments`
--

INSERT INTO `comments` (`Id`, `IdUser`, `IdPost`, `Messages`) VALUES
(17, 8, 1, 'проверка логов'),
(18, 8, 1, 'проверка номер два'),
(19, 8, 1, 'qweqe');

-- --------------------------------------------------------

--
-- Структура таблицы `logs`
--

CREATE TABLE `logs` (
  `Id` int NOT NULL,
  `Ip` varchar(255) CHARACTER SET utf8mb4 COLLATE utf8mb4_0900_ai_ci NOT NULL,
  `IdUser` int NOT NULL,
  `Date` datetime NOT NULL,
  `TimeOnline` time NOT NULL,
  `Event` varchar(1000) NOT NULL
) ENGINE=InnoDB DEFAULT CHARSET=utf8mb4 COLLATE=utf8mb4_0900_ai_ci;

--
-- Дамп данных таблицы `logs`
--

INSERT INTO `logs` (`Id`, `Ip`, `IdUser`, `Date`, `TimeOnline`, `Event`) VALUES
(14, '127.0.0.1', 8, '2025-11-12 13:08:08', '00:04:20', 'Пользователь user вышел из системы'),
(16, '127.0.0.1', 8, '2025-12-12 13:08:30', '00:00:01', 'Пользователь user вышел из системы'),
(18, '127.0.0.1', 8, '2025-12-12 13:13:36', '00:01:26', 'Пользователь user оставил комментарий к посту 1 : проверка номер два'),
(19, '127.0.0.1', 8, '2025-12-12 13:13:46', '00:01:36', 'Пользователь user вышел из системы'),
(21, '127.0.0.1', 8, '2025-12-12 13:22:53', '00:03:25', 'Пользователь user вышел из системы'),
(23, '127.0.0.1', 8, '2022-12-12 13:24:34', '00:01:32', 'Пользователь user вышел из системы'),
(25, '127.0.0.1', 1, '2025-12-12 13:24:47', '00:00:04', 'Пользователь admin вышел из системы'),
(27, '127.0.0.1', 8, '2025-12-12 15:04:08', '00:00:16', 'Пользователь user вышел из системы'),
(28, '127.0.0.1', 8, '2025-12-12 15:04:31', '00:00:00', 'Пользователь user авторизовался'),
(29, '127.0.0.1', 8, '2025-12-12 15:04:37', '00:00:06', 'Пользователь user вышел из системы'),
(30, '127.0.0.1', 1, '2025-12-12 15:08:14', '00:00:00', 'Пользователь admin авторизовался'),
(31, '127.0.0.1', 1, '2025-12-12 16:35:13', '01:26:59', 'Пользователь admin вышел из системы'),
(32, '127.111.0.1', 8, '2025-12-12 16:35:20', '00:00:00', 'Пользователь user авторизовался'),
(33, '127.4.0.1', 8, '2025-12-12 16:35:24', '00:00:04', 'Пользователь user оставил комментарий к посту 1 : qweqe'),
(34, '127.0.0.2', 8, '2025-12-12 16:35:25', '00:00:05', 'Пользователь user вышел из системы'),
(35, '127.0.0.1', 1, '2024-12-12 16:35:31', '00:00:00', 'Пользователь admin авторизовался'),
(36, '127.0.0.1', 1, '2025-12-12 17:37:46', '01:02:15', 'Пользователь admin вышел из системы'),
(37, '127.0.0.1', 1, '2026-01-07 11:05:08', '00:00:00', 'Пользователь admin авторизовался'),
(38, '127.0.0.1', 1, '2026-01-07 11:05:20', '00:00:12', 'Пользователь admin вышел из системы'),
(39, '127.0.0.1', 1, '2026-01-07 11:05:26', '00:00:00', 'Пользователь admin авторизовался'),
(40, '127.0.0.1', 1, '2026-01-07 11:30:50', '00:25:24', 'Пользователь admin вышел из системы'),
(41, '127.0.0.1', 28, '2026-01-07 11:31:38', '00:00:00', 'Пользователь user4 зарегистрировался'),
(42, '127.0.0.1', 28, '2026-01-07 11:31:38', '00:00:00', 'Пользователь user4 авторизовался'),
(43, '127.0.0.1', 28, '2026-01-07 11:31:45', '00:00:07', 'Пользователь user4 вышел из системы'),
(44, '127.0.0.1', 29, '2026-01-07 11:59:37', '00:00:00', 'Пользователь test5 зарегистрировался'),
(45, '127.0.0.1', 29, '2026-01-07 11:59:37', '00:00:00', 'Пользователь test5 авторизовался'),
(46, '127.0.0.1', 29, '2026-01-07 12:02:53', '00:03:16', 'Пользователь test5 вышел из системы'),
(47, '127.0.0.1', 30, '2026-01-07 12:14:13', '00:00:00', 'Пользователь test6 зарегистрировался'),
(48, '127.0.0.1', 30, '2026-01-07 12:14:13', '00:00:00', 'Пользователь test6 авторизовался'),
(49, '127.0.0.1', 30, '2026-01-07 12:14:16', '00:00:03', 'Пользователь test6 вышел из системы'),
(50, '127.0.0.1', 31, '2026-01-07 12:23:26', '00:00:00', 'Пользователь test8 зарегистрировался'),
(51, '127.0.0.1', 31, '2026-01-07 12:23:26', '00:00:00', 'Пользователь test8 авторизовался'),
(52, '127.0.0.1', 31, '2026-01-07 12:23:41', '00:00:15', 'Пользователь test8 вышел из системы'),
(53, '127.0.0.1', 31, '2026-01-07 12:51:06', '00:00:00', 'Пользователь test8 авторизовался'),
(54, '127.0.0.1', 31, '2026-01-07 12:51:08', '00:00:02', 'Пользователь test8 вышел из системы'),
(55, '127.0.0.1', 32, '2026-01-07 18:24:58', '00:00:00', 'Пользователь test9 зарегистрировался'),
(56, '127.0.0.1', 32, '2026-01-07 18:24:58', '00:00:00', 'Пользователь test9 авторизовался'),
(57, '127.0.0.1', 32, '2026-01-07 18:25:00', '00:00:02', 'Пользователь test9 вышел из системы'),
(58, '127.0.0.1', 32, '2026-01-07 18:38:00', '00:00:00', 'Пользователь test9 авторизовался'),
(59, '127.0.0.1', 32, '2026-01-07 18:38:20', '00:00:20', 'Пользователь test9 вышел из системы'),
(60, '127.0.0.1', 32, '2026-01-07 18:38:46', '00:00:00', 'Пользователь test9 авторизовался'),
(61, '127.0.0.1', 32, '2026-01-07 18:39:01', '00:00:15', 'Пользователь test9 вышел из системы'),
(62, '127.0.0.1', 33, '2026-01-14 07:07:51', '00:00:00', 'Пользователь 000shereposhek000@gmail.com зарегистрировался'),
(63, '127.0.0.1', 33, '2026-01-14 07:07:51', '00:00:00', 'Пользователь 000shereposhek000@gmail.com авторизовался'),
(64, '127.0.0.1', 33, '2026-01-14 07:07:53', '00:00:02', 'Пользователь 000shereposhek000@gmail.com вышел из системы'),
(65, '127.0.0.1', 33, '2026-01-14 07:08:55', '00:00:00', 'Пользователь 000shereposhek000@gmail.com авторизовался'),
(66, '127.0.0.1', 33, '2026-01-14 07:08:56', '00:00:00', 'Пользователь 000shereposhek000@gmail.com авторизовался'),
(67, '127.0.0.1', 33, '2026-01-14 07:09:03', '00:00:07', 'Пользователь 000shereposhek000@gmail.com вышел из системы'),
(68, '127.0.0.1', 33, '2026-01-14 07:50:44', '00:00:00', 'Пользователь 000shereposhek000@gmail.com авторизовался'),
(69, '127.0.0.1', 33, '2026-01-14 07:51:54', '00:01:10', 'Пользователь 000shereposhek000@gmail.com вышел из системы'),
(70, '127.0.0.1', 33, '2026-01-14 07:52:03', '00:00:00', 'Пользователь 000shereposhek000@gmail.com авторизовался'),
(71, '127.0.0.1', 33, '2026-01-14 07:53:08', '00:01:05', 'Пользователь 000shereposhek000@gmail.com вышел из системы'),
(72, '127.0.0.1', 33, '2026-01-14 07:53:16', '00:00:00', 'Пользователь 000shereposhek000@gmail.com авторизовался'),
(73, '127.0.0.1', 33, '2026-01-14 08:20:17', '00:00:00', 'Пользователь 000shereposhek000@gmail.com авторизовался');

-- --------------------------------------------------------

--
-- Структура таблицы `news`
--

CREATE TABLE `news` (
  `id` int NOT NULL,
  `title` varchar(255) NOT NULL,
  `text` varchar(1000) NOT NULL,
  `img` varchar(255) NOT NULL
) ENGINE=InnoDB DEFAULT CHARSET=utf8mb3;

--
-- Дамп данных таблицы `news`
--

INSERT INTO `news` (`id`, `title`, `text`, `img`) VALUES
(1, 'Внимание! Режим работы на 11 и 12 сентября 2020 г.', '11.09.2020 г. (пятница) занятия проводятся по расписанию звонков «пара-час». 12.09.2020 г. (суббота) занятия проводятся в дистанционном формате (в техникум приходить не нужно).', './img/img831.jpg\r\n'),
(2, 'Продолжается прием на заочное обучение', 'Пермский авиационный техникум продолжает прием документов на заочное обучение по специальностям «Производство авиационных двигателей», «Технология машиностроения», «Управление качеством продукции, процессов и услуг (по отраслям)» и «Прикладная информатика (по отраслям)».\r\n\r\nДокументы принимаются до 15 сентября 2020 г. включительно с 15:00 до 17:00. При себе иметь оригиналы и копии паспорта, документа об образовании, ИНН, СНИЛС и фотографии. Справки по телефону (342) 212-14-92.', './img/img830.jpg\r\n'),
(3, 'Расписание звонков', 'Расписание звонков в разных корпусах (Корпус А (1-2 и 3 этаж), Корпус В, Корпус С)\r\n<a href=\"./documents/Расписание звонков.docx\">Скачать</a>', './img/img831.jpg'),
(4, 'Основные принципы построения безопасных сайтов. Понятие безопасности приложений и классификация опасностей', 'Основные принципы построения безопасных сайтов. Понятие безопасности приложений и классификация опасностей\r\n<a href=\"./documents/1.docx\">Скачать</a>', './img/docx.png'),
(5, 'Источники угроз информационной безопасности и меры по их предотвращению', 'Источники угроз информационной безопасности и меры по их предотвращению\r\n<a href=\"./documents/2.doc\">Скачать</a>', './img/docx.png'),
(6, 'Регламенты и методы разработки безопасных веб-приложений', 'Регламенты и методы разработки безопасных веб-приложений\r\n<a href=\"./documents/3.pdf\">Скачать</a>', './img/docx.png');

-- --------------------------------------------------------

--
-- Структура таблицы `session`
--

CREATE TABLE `session` (
  `Id` int NOT NULL,
  `IdUser` int NOT NULL,
  `Ip` varchar(255) NOT NULL,
  `DateStart` datetime NOT NULL,
  `DateNow` datetime NOT NULL
) ENGINE=InnoDB DEFAULT CHARSET=utf8mb4 COLLATE=utf8mb4_0900_ai_ci;

--
-- Дамп данных таблицы `session`
--

INSERT INTO `session` (`Id`, `IdUser`, `Ip`, `DateStart`, `DateNow`) VALUES
(1, 8, '127.0.0.1', '2025-12-12 12:08:39', '2025-12-12 12:08:39'),
(2, 8, '127.0.0.1', '2025-12-12 12:14:54', '2025-12-12 12:14:54'),
(3, 8, '127.0.0.1', '2025-12-12 12:15:38', '2025-12-12 12:15:38'),
(4, 8, '127.0.0.1', '2025-12-12 12:21:42', '2025-12-12 12:21:45'),
(5, 1, '127.0.0.1', '2025-12-12 12:24:11', '2025-12-12 12:24:51'),
(6, 25, '127.0.0.1', '2025-12-12 12:29:30', '2025-12-12 12:29:41'),
(7, 26, '127.0.0.1', '2025-12-12 12:31:41', '2025-12-12 12:32:10'),
(8, 27, '127.0.0.1', '2025-12-12 12:35:50', '2025-12-12 12:35:50'),
(9, 8, '127.0.0.1', '2025-12-12 13:03:48', '2025-12-12 13:07:50'),
(10, 8, '127.0.0.1', '2025-12-12 13:08:29', '2025-12-12 13:08:29'),
(11, 8, '127.0.0.1', '2025-12-12 13:12:10', '2025-12-12 13:13:45'),
(12, 8, '127.0.0.1', '2025-12-12 13:19:28', '2025-12-12 13:22:51'),
(13, 8, '127.0.0.1', '2025-12-12 13:23:02', '2025-12-12 13:24:33'),
(14, 1, '127.0.0.1', '2025-12-12 13:24:43', '2025-12-12 13:24:43'),
(15, 8, '127.0.0.1', '2025-12-12 15:03:52', '2025-12-12 15:03:53'),
(16, 8, '127.0.0.1', '2025-12-12 15:04:31', '2025-12-12 15:04:32'),
(17, 1, '127.0.0.1', '2025-12-12 15:08:14', '2025-12-12 16:35:12'),
(18, 8, '127.0.0.1', '2025-12-12 16:35:20', '2025-12-12 16:35:24'),
(19, 1, '127.0.0.1', '2025-12-12 16:35:31', '2025-12-12 17:37:44'),
(20, 1, '127.0.0.1', '2026-01-07 11:05:08', '2026-01-07 11:05:10'),
(21, 1, '127.0.0.1', '2026-01-07 11:05:26', '2026-01-07 11:05:26'),
(22, 28, '127.0.0.1', '2026-01-07 11:31:38', '2026-01-07 11:31:38'),
(23, 29, '127.0.0.1', '2026-01-07 11:59:37', '2026-01-07 11:59:37'),
(24, 30, '127.0.0.1', '2026-01-07 12:14:13', '2026-01-07 12:14:13'),
(25, 31, '127.0.0.1', '2026-01-07 12:23:26', '2026-01-07 12:23:29'),
(26, 31, '127.0.0.1', '2026-01-07 12:51:06', '2026-01-07 12:51:06'),
(27, 32, '127.0.0.1', '2026-01-07 18:24:58', '2026-01-07 18:24:58'),
(28, 32, '127.0.0.1', '2026-01-07 18:38:00', '2026-01-07 18:38:00'),
(29, 32, '127.0.0.1', '2026-01-07 18:38:46', '2026-01-07 18:38:46'),
(30, 33, '127.0.0.1', '2026-01-14 07:07:51', '2026-01-14 07:07:52'),
(31, 33, '127.0.0.1', '2026-01-14 07:08:55', '2026-01-14 07:08:55'),
(32, 33, '127.0.0.1', '2026-01-14 07:08:56', '2026-01-14 07:09:00'),
(33, 33, '127.0.0.1', '2026-01-14 07:50:44', '2026-01-14 07:51:52'),
(34, 33, '127.0.0.1', '2026-01-14 07:52:03', '2026-01-14 07:53:06'),
(35, 33, '127.0.0.1', '2026-01-14 07:53:16', '2026-01-14 08:20:10'),
(36, 33, '127.0.0.1', '2026-01-14 08:20:17', '2026-01-14 08:33:29');

-- --------------------------------------------------------

--
-- Структура таблицы `users`
--

CREATE TABLE `users` (
  `id` int NOT NULL,
  `login` varchar(255) NOT NULL,
  `password` varchar(255) NOT NULL,
  `roll` int NOT NULL
) ENGINE=InnoDB DEFAULT CHARSET=utf8mb3;

--
-- Дамп данных таблицы `users`
--

INSERT INTO `users` (`id`, `login`, `password`, `roll`) VALUES
(1, 'admin', 'Asdfg123', 1),
(8, 'user', 'Asdfg123', 0),
(24, 'user1', 'qwe', 0),
(25, 'user2', 'йцу', 0),
(26, 'test', 'c10b6e2e97157ecc20b843f92e184dea', 0),
(27, 'test1', '125c65418885cda063eee9e7dfb1cdfe', 0),
(28, 'user4', 'Asdfg123', 0),
(29, 'test5', 'Test123!', 0),
(30, 'test6', 'Asdfg123!', 0),
(31, 'test8', '$2y$10$wKmeKqZCDj5ECKqqTFTBbO/fH3JAjRWOb7NLkt6VF5fyocSz4H09W', 0),
(32, 'test9', '$2y$10$6A8Giqv/kVDfWHf5ds8naemKYH91a57uEGWBobRgCyWtm2ocp.BOy', 0),
(33, '000shereposhek000@gmail.com', '$2y$10$Mt6P3ojHcjKOQHhclzKwDO5um2gIx9Zre.V1ttvwLlEFObdVy72lu', 0);

--
-- Индексы сохранённых таблиц
--

--
-- Индексы таблицы `comments`
--
ALTER TABLE `comments`
  ADD PRIMARY KEY (`Id`);

--
-- Индексы таблицы `logs`
--
ALTER TABLE `logs`
  ADD PRIMARY KEY (`Id`);

--
-- Индексы таблицы `news`
--
ALTER TABLE `news`
  ADD PRIMARY KEY (`id`);

--
-- Индексы таблицы `session`
--
ALTER TABLE `session`
  ADD PRIMARY KEY (`Id`);

--
-- Индексы таблицы `users`
--
ALTER TABLE `users`
  ADD PRIMARY KEY (`id`);

--
-- AUTO_INCREMENT для сохранённых таблиц
--

--
-- AUTO_INCREMENT для таблицы `comments`
--
ALTER TABLE `comments`
  MODIFY `Id` int NOT NULL AUTO_INCREMENT COMMENT 'Код', AUTO_INCREMENT=20;

--
-- AUTO_INCREMENT для таблицы `logs`
--
ALTER TABLE `logs`
  MODIFY `Id` int NOT NULL AUTO_INCREMENT, AUTO_INCREMENT=74;

--
-- AUTO_INCREMENT для таблицы `news`
--
ALTER TABLE `news`
  MODIFY `id` int NOT NULL AUTO_INCREMENT, AUTO_INCREMENT=7;

--
-- AUTO_INCREMENT для таблицы `session`
--
ALTER TABLE `session`
  MODIFY `Id` int NOT NULL AUTO_INCREMENT, AUTO_INCREMENT=37;

--
-- AUTO_INCREMENT для таблицы `users`
--
ALTER TABLE `users`
  MODIFY `id` int NOT NULL AUTO_INCREMENT, AUTO_INCREMENT=34;
COMMIT;

/*!40101 SET CHARACTER_SET_CLIENT=@OLD_CHARACTER_SET_CLIENT */;
/*!40101 SET CHARACTER_SET_RESULTS=@OLD_CHARACTER_SET_RESULTS */;
/*!40101 SET COLLATION_CONNECTION=@OLD_COLLATION_CONNECTION */;
